"","logFC","logCPM","F","PValue","FDR"
"rno-miR-770-3p",0.835264750265612,7.04900431685883,21.457756903551,0.000490684328709652,0.0791964506537379
"rno-miR-3587",-0.638554935151122,8.21356746308605,22.6464315992346,0.000391371270008127,0.0791964506537379
"rno-miR-29b-3p",-0.638955280761296,8.21503497046345,22.6277455209796,0.000392740660760621,0.0791964506537379
"rno-miR-98-5p",-0.755457455975635,7.23657306444767,24.8961131062956,0.000260522489711296,0.0791964506537379
"rno-miR-212-3p",-0.887431598596278,6.9256827829949,29.4307271176528,0.000123273726974355,0.0791964506537379
"rno-miR-873-5p",0.682315383858875,6.37668502213234,18.1395537825458,0.000966748577711983,0.0866851224681745
"rno-miR-128-3p",0.381002325318644,14.6914469508832,19.8637551481466,0.000673458613216971,0.0866851224681745
"rno-miR-30e-5p",-0.393752235587999,12.7373135445078,18.3529679779693,0.000923381818808558,0.0866851224681745
"rno-miR-135b-5p",-0.945868251851809,6.07745598475321,19.5685771871313,0.000822891809388871,0.0866851224681745
"rno-miR-351-5p",0.685040812898386,5.08392621299035,15.4819830693952,0.00176462476914488,0.140772207979992
"rno-miR-30a-5p",-0.331100278599856,14.2323197935092,15.1319758222356,0.00191882811372976,0.140772207979992
"rno-miR-412-5p",1.04465241752725,5.23991643634339,15.0645051660341,0.00259517366079878,0.174525428688718
"rno-miR-708-3p",0.407996084068217,9.95859700362566,12.8793753117032,0.00338685779871681,0.21024571104342
"rno-miR-409b",0.55579358012937,8.91353439148768,11.809029124124,0.00483464562135425,0.216753278690716
"rno-miR-409a-3p",0.555411815863429,8.9091982801406,11.8452467199452,0.00476701148630315,0.216753278690716
"rno-let-7g-5p",-0.289316104249644,14.0884010328742,12.2886392883143,0.00396705702774182,0.216753278690716
"rno-let-7b-5p",-0.355652741633168,10.7221751563738,11.9859003957436,0.00430885043360909,0.216753278690716
"rno-miR-26b-5p",-0.391540243425979,9.59671217892358,12.1894307412325,0.00407546590245439,0.216753278690716
"rno-miR-374-5p",-0.608439427398493,8.03106014068377,11.540512835229,0.00522077522581044,0.221745558275212
"rno-miR-1843b-5p",0.486207493965393,8.44049289352666,10.551213255512,0.00647773407048359,0.23439612670481
"rno-miR-127-3p",0.314261812233574,14.0562646105877,10.4714810280433,0.00663165420946862,0.23439612670481
"rno-miR-103-3p",-0.372246790551648,11.8208149819877,10.7290101678468,0.00614925626450082,0.23439612670481
"rno-miR-16-5p",-0.401755274564824,8.80328691876329,10.1664002250194,0.00726134221514282,0.23439612670481
"rno-miR-29c-3p",-0.445114258609564,6.69134164638236,10.3933791379681,0.00678657673699238,0.23439612670481
"rno-miR-582-5p",-0.641439393626561,4.74368498540297,14.0897359445819,0.00710263223456749,0.23439612670481
"rno-miR-3556b",-0.437438573563844,6.68475583848798,10.0314911431816,0.00756186673741109,0.234708709888106
"rno-miR-540-3p",0.617166446529848,5.05714706720674,9.84447787202188,0.0080027969742194,0.23919470956278
"rno-miR-101b-3p",-0.341750312366312,11.3692671929056,9.56505819156758,0.00871878185554044,0.251287748479326
"rno-miR-101a-3p",-0.418914978119354,12.8420253541037,9.77281321935799,0.00973051019477319,0.270776611282137
"rno-miR-221-5p",-0.362657368320455,8.59964948863126,8.85017932120634,0.0109188099657114,0.275358738822784
"rno-miR-3065-5p",-0.501338699937112,7.6545333379183,8.8875151619893,0.0107889454876527,0.275358738822784
"rno-miR-338-3p",-0.501338699937112,7.6545333379183,8.8875151619893,0.0107889454876527,0.275358738822784
"rno-miR-484",1.2131388642353,3.0050218524256,8.94351179111085,0.0133497965545377,0.285009180784678
"rno-let-7c-5p",-0.263762207618387,12.4496768191442,8.25497657238119,0.0132577534379198,0.285009180784678
"rno-miR-29a-3p",-0.264486839055393,12.5326459287269,8.16142567406571,0.0136765271445689,0.285009180784678
"rno-miR-9a-3p",-0.264690332272919,11.531100492028,8.54989431945025,0.0120324870355626,0.285009180784678
"rno-miR-186-5p",-0.327640871290369,9.43504047666672,8.47578503966601,0.0123274455179294,0.285009180784678
"rno-miR-29c-5p",-0.45363250521441,7.5371340548266,8.14020180096761,0.0137736778817874,0.285009180784678
"rno-miR-19b-3p",-0.742558822957767,4.15716194278593,10.5638497679853,0.012841488149852,0.285009180784678
"rno-miR-374-3p",-0.382736208585142,7.18226445223323,7.97109148528282,0.0145773303422539,0.286924526492656
"rno-miR-20a-5p",-0.465733979212936,6.10846296720584,8.01414168951879,0.0143676495868262,0.286924526492656
"rno-miR-409a-5p",0.397352539112621,8.49520796707846,7.80489579718722,0.0154211655874568,0.289415828583201
"rno-miR-323-3p",0.342420522843828,9.56059430925645,7.87366778835561,0.0150652228646506,0.289415828583201
"rno-miR-495",0.392239711137358,9.30987173691042,7.61471945362202,0.016457966711464,0.30185407127617
"rno-miR-668",0.521963939553129,5.41921019271432,7.10935536977742,0.019636046682318,0.335350514991916
"rno-miR-411-5p",0.24680025886745,11.7558174597847,7.08220669213808,0.0198262554275262,0.335350514991916
"rno-miR-146b-5p",-0.329097995950384,11.7245174025009,7.07317495317719,0.0199773150018229,0.335350514991916
"rno-miR-219a-5p",-0.504317509733797,6.42072209996085,7.14951143522917,0.0193586209339666,0.335350514991916
"rno-miR-1-3p",-0.732219039914291,4.0107827655881,7.52272646369928,0.0203620510961634,0.335350514991916
"rno-miR-3571",-0.72821007822797,4.00857305091912,7.40958429986276,0.0211486109577811,0.341338580858587
"rno-miR-30c-5p",-0.247290914365311,12.1271986483332,6.67479606225488,0.0229579435989411,0.363275695771479
"rno-miR-3578",0.333085809675749,8.81663061751806,6.60173442397047,0.0235793051339825,0.365932677752382
"rno-miR-140-5p",-0.355636343907347,7.48541942440103,6.37717745678078,0.025616829693854,0.390052482319626
"rno-miR-1839-5p",-0.277524867503372,9.57062785437886,6.25664145883321,0.0267958416197732,0.398667886379537
"rno-miR-582-3p",-0.380246556633,7.3378882870273,6.21962496871794,0.0271706737929052,0.398667886379537
"rno-miR-195-5p",-0.40632739890261,7.0799627118584,6.16093114554321,0.0277777646842817,0.400297430360989
"rno-let-7d-3p",-0.333762386353888,7.62706094240052,5.88590483087828,0.0308447558505867,0.421893524939381
"rno-miR-135a-5p",-0.42604519195445,8.65981310991294,6.02706322831586,0.0304766910352139,0.421893524939381
"rno-miR-30b-5p",-0.500315586707245,8.50333688378397,6.2017850757475,0.0301715711673142,0.421893524939381
"rno-miR-145-3p",0.575664275237853,5.34014993163107,5.92875852515126,0.0316144168391043,0.425213906485953
"rno-miR-300-3p",0.336097133834457,10.618957779763,5.69123262388954,0.0344318591498047,0.434560294557811
"rno-miR-1843a-5p",0.30463489107939,10.0029930455802,5.72134469304763,0.0328711050910217,0.434560294557811
"rno-miR-708-5p",-0.475498207420377,7.15741596092618,5.73431950398178,0.0340175436070371,0.434560294557811
"rno-miR-34a-5p",-0.478343031377054,5.95477700529245,5.6084647091554,0.0344632699525401,0.434560294557811
"rno-miR-143-5p",0.708248669694622,4.05685443210365,5.55754212594823,0.0371916043152574,0.437814596275833
"rno-miR-183-5p",0.657083836291918,4.08514194827561,5.4539737015518,0.0378781110505887,0.437814596275833
"rno-miR-3553",0.657083836291918,4.08514194827561,5.4539737015518,0.0378781110505887,0.437814596275833
"rno-miR-411-3p",0.437350498874356,8.10407028334063,5.46284386368184,0.0377481874762417,0.437814596275833
"rno-miR-218b",-0.189841722743095,14.0870742822801,5.35497396168789,0.0379764829483375,0.437814596275833
"rno-let-7i-5p",-0.206398253281959,13.7351463511839,5.42266211370194,0.0369661743469593,0.437814596275833
"rno-miR-543-3p",0.435297662408587,8.8941563682189,5.35554855791176,0.0411683528825665,0.467927616566636
"rno-miR-187-3p",0.353089118641204,6.68423125233936,5.09141117971253,0.0422356251586311,0.473390965319656
"rno-miR-143-3p",0.863592094816845,14.8600574197532,7.01538713801906,0.046378012321839,0.47504956866767
"rno-miR-873-3p",0.792551748954023,3.45392178130029,11.0266416805906,0.0450154212932225,0.47504956866767
"rno-miR-3579",0.490840583468004,7.53360905340765,4.98459500101251,0.04749202311074,0.47504956866767
"rno-miR-380-5p",0.49072234707174,7.53399987635129,4.97441635623097,0.0476815552194315,0.47504956866767
"rno-miR-673-3p",0.426578072556991,5.05428256953375,4.87962360078151,0.0460736472137701,0.47504956866767
"rno-miR-337-5p",0.313115573629791,7.22093151364719,4.81245659548007,0.0473765302315232,0.47504956866767
"rno-miR-378a-3p",0.236748574522547,10.7650715059236,4.97811747415259,0.0442393228900276,0.47504956866767
"rno-miR-3557-5p",0.236659355180732,10.7651124196587,4.97355975558136,0.0443222658947317,0.47504956866767
"rno-miR-137-3p",-0.284128753439893,8.12570233140787,4.87893106558134,0.0460868615832913,0.47504956866767
"rno-miR-200b-3p",1.32323707974804,2.92220791820188,5.29833221112923,0.0500482937285226,0.491602882916146
"rno-miR-361-5p",-0.301766586160284,6.78198333401567,4.6571294822612,0.0505613869665924,0.491602882916146
"rno-miR-93-5p",-0.302576684567031,7.35780880941882,4.60762183467167,0.0516296962475102,0.496013867520723
"rno-miR-433-3p",0.31206088781879,8.57118601813415,4.56958189300116,0.0524688715271922,0.498145639087577
"rno-miR-431",0.965848320735913,5.50291080644256,5.03373158696964,0.0607928241397824,0.567334116702665
"rno-miR-341",0.247903812577333,10.368846451691,4.21034568802041,0.0612540003284916,0.567334116702665
"rno-let-7a-1-3p",-0.334348540333464,5.49449712560381,4.57480364088153,0.0625684465756347,0.567334116702665
"rno-let-7i-3p",-0.430424436546108,4.81034913072677,6.51754254619044,0.0623325478682477,0.567334116702665
"rno-miR-322-3p",0.395255930641549,5.11747735123443,4.08753287846232,0.0646544037891742,0.579734487309596
"rno-miR-199a-3p",0.766069638421872,5.98042496589091,4.61652145473102,0.0667661709119717,0.592091207977595
"rno-miR-153-3p",-0.38978122144824,5.04166333253819,3.86539105094279,0.0713996331212046,0.626298955747958
"rno-miR-214-3p",1.52345908992725,1.96355481330802,7.39903251422037,0.0744368664853876,0.628191021240389
"rno-miR-764-5p",1.29317141600707,2.17348292324494,7.00991436718966,0.0813526827042984,0.628191021240389
"rno-miR-337-3p",1.1586715438262,2.37558556308249,4.47394139205254,0.0788706164801806,0.628191021240389
"rno-miR-199a-5p",0.961231235472529,4.9802550717194,4.45965451783673,0.0736851954393928,0.628191021240389
"rno-miR-370-5p",0.808276847259339,4.1670525588262,3.95126507703655,0.0817348912394558,0.628191021240389
"rno-miR-3557-3p",0.486408164739847,4.37501789567393,5.38483198303371,0.0739036567715483,0.628191021240389
"rno-miR-760-3p",0.482876352096261,4.33491340357811,4.16914215269261,0.0805030583431609,0.628191021240389
"rno-miR-378a-5p",0.476913020958657,4.39032956393159,5.07947781475465,0.0779053024774229,0.628191021240389
"rno-miR-676",0.353456691925803,8.31352395329839,3.70112799852963,0.0787563648320762,0.628191021240389
"rno-miR-125b-5p",0.170516640890481,12.6628685811188,3.6244914554441,0.0796968897998549,0.628191021240389
"rno-miR-191a-5p",-0.17179515068323,11.8528037346861,3.70799321270285,0.0766952742047069,0.628191021240389
"rno-miR-345-5p",-0.607829220160517,3.77436088903234,6.55520164827758,0.0778425758855743,0.628191021240389
"rno-miR-142-3p",-0.898651134208887,2.86360507533922,9.87388449054244,0.0796388733646848,0.628191021240389
"rno-miR-6331",0.786334744601074,6.84735961979234,4.07039549355946,0.0847627353799343,0.631457312435486
"rno-miR-7a-2-3p",0.396171194872967,4.88549382318889,3.51705246857415,0.0837707311131475,0.631457312435486
"rno-miR-3588",0.168003526633373,12.648556926655,3.50001264033045,0.0844397834919933,0.631457312435486
"rno-miR-3068-5p",-0.249839226896203,7.83797129135555,3.47859901064465,0.0852897733029342,0.631457312435486
"rno-miR-674-3p",0.322880667637499,7.45192464701227,3.40080669374282,0.0884662523110453,0.637430942991192
"rno-miR-450b-5p",0.257135415968252,6.64401871979934,3.40649762042206,0.0882290628315018,0.637430942991192
"rno-miR-138-5p",-0.218051598926253,9.33935192853818,3.41156235841134,0.0880186208518741,0.637430942991192
"rno-miR-129-1-3p",-0.247968602548938,9.18818358014583,3.30753826374358,0.0924661847733416,0.654563255369181
"rno-miR-129-2-3p",-0.247968602548938,9.18818358014583,3.30753826374358,0.0924661847733416,0.654563255369181
"rno-miR-376b-3p",0.46475262692071,4.52028509647761,3.2641542468679,0.0961581540684178,0.659541571691602
"rno-miR-26a-5p",-0.141669807898341,15.5117892452498,3.23083593234049,0.0959214627049766,0.659541571691602
"rno-miR-340-5p",-0.276993825856404,9.81724426701452,3.25797315203537,0.0964385445596146,0.659541571691602
"novel_461",-2.18348656550351,1.45464183748151,9.31182222964556,0.0950049185435032,0.659541571691602
"rno-miR-132-3p",-0.20486527639478,9.48059308330972,3.17809171332461,0.0983889806575923,0.667226112526698
"rno-miR-299a-5p",0.756662075069156,3.06889781052542,4.89182133763687,0.103496688761018,0.669767023962729
"rno-miR-28-3p",0.366740512450264,4.88266941763967,5.06530728108248,0.102370667492754,0.669767023962729
"rno-miR-330-5p",0.201914861639516,9.40799768669562,3.06204729614665,0.104096263699031,0.669767023962729
"rno-miR-379-5p",0.192931047550149,12.2438617563481,3.08564083188195,0.102903784817797,0.669767023962729
"rno-miR-434-5p",0.17092171207787,11.446200246264,3.04726377957357,0.104852080238958,0.669767023962729
"rno-miR-140-3p",-0.216137008637221,10.6843506288239,3.0365653291762,0.105403236732672,0.669767023962729
"rno-miR-21-5p",-0.248559762224758,13.0628937529635,3.17772956438789,0.102453039586986,0.669767023962729
"rno-miR-320-3p",-0.268481744201392,7.05314257184489,3.04723206544187,0.104853708848932,0.669767023962729
"rno-miR-145-5p",0.596562959898224,8.25314773766328,3.35980657767419,0.110636499296271,0.671805496934301
"rno-miR-667-5p",0.421911048954922,5.12573455006734,3.01383265031513,0.108365070933335,0.671805496934301
"rno-miR-376a-5p",0.421404302452195,4.43849415746094,4.10517965106247,0.112128494228156,0.671805496934301
"rno-miR-493-3p",0.303521608336495,5.73417543386876,2.93280266440653,0.110937365596584,0.671805496934301
"rno-miR-758-3p",0.281643431969605,6.5758020471375,2.89190409548296,0.113216291924492,0.671805496934301
"rno-miR-384-3p",-0.21542383989398,8.09708929019348,2.91732173365305,0.111793297900144,0.671805496934301
"rno-miR-212-5p",-0.258459137195635,7.55551737850043,3.00073900837408,0.10727493263551,0.671805496934301
"rno-miR-490-3p",-0.26027444740615,6.70925860149339,2.90040668727998,0.112737814376549,0.671805496934301
"rno-miR-184",-0.513668291679503,3.92220814557617,6.05484032329303,0.113068518141321,0.671805496934301
"rno-miR-344b-1-3p",0.2810715960862,6.57366651705704,2.87634035785635,0.114098614587276,0.672099138481251
"rno-miR-139-3p",0.260959997631333,5.71571501383469,3.07244803168573,0.115078455795953,0.672958795850247
"novel_124",-0.410302195158036,4.48001899217735,3.21336434849766,0.116020250067219,0.673585192836298
"rno-miR-329-3p",0.538898490938383,7.25081281843948,3.09858431712837,0.118052659102849,0.679484727600028
"rno-let-7f-5p",-0.140025423034479,14.2988396543674,2.79716602923584,0.118720379915246,0.679484727600028
"rno-let-7a-5p",-0.15545085513791,11.7040571528296,2.75106159815203,0.121518111538419,0.681007750079893
"rno-miR-3596a",-0.155595139074977,11.7038313759382,2.75813971003564,0.121083349336701,0.681007750079893
"rno-miR-34b-5p",-0.841310689328812,2.7406025491218,4.8611272664627,0.120006210141814,0.681007750079893
"rno-miR-195-3p",0.313806192192089,5.34450171970725,2.73664002457476,0.122409914311596,0.681274488616953
"rno-miR-3596d",-0.137765363764975,14.2613737100071,2.68067454470948,0.125948234071905,0.691430101333519
"rno-miR-425-5p",-0.222024752357398,7.7195405535526,2.69130717443393,0.125266370451413,0.691430101333519
"rno-miR-667-3p",1.05323846324995,6.10450675550903,3.29879557280337,0.127823019222675,0.692303198071802
"rno-miR-301a-5p",0.474022596735629,4.02717131380529,3.73431193075992,0.127243131834705,0.692303198071802
"rno-miR-27a-5p",0.583032355429664,3.44475282808456,5.26052665788762,0.138496561184103,0.697062687532828
"rno-miR-485-5p",0.396244129581849,7.78750123134612,2.61075334724673,0.13993079972778,0.697062687532828
"rno-miR-299b-5p",0.308440383389019,5.10718050122125,3.29679926469304,0.135327310291825,0.697062687532828
"rno-miR-27a-3p",0.30370964815867,8.0113098342866,2.54732202267569,0.136822068157809,0.697062687532828
"rno-miR-410-3p",0.301292501504126,8.1612369714607,2.50944038762428,0.139898960538192,0.697062687532828
"rno-miR-344b-3p",0.271621673682264,5.44143198449213,2.85109056942759,0.137339027243378,0.697062687532828
"rno-miR-24-2-5p",0.264750970305284,6.3680070904626,2.61918248640816,0.129983106032333,0.697062687532828
"rno-miR-127-5p",0.235145937493194,9.45595720785712,2.53500073746395,0.1359198339907,0.697062687532828
"rno-miR-450a-5p",0.223543922608564,6.76461273037825,2.52652672918474,0.136370486061748,0.697062687532828
"rno-miR-369-5p",0.202766801679758,8.74593373496287,2.48099599082217,0.139652211764772,0.697062687532828
"rno-miR-9b-3p",-0.100948239095277,17.7445714488275,2.5995047780329,0.131308016839807,0.697062687532828
"rno-miR-9a-5p",-0.101150626278285,17.748086383839,2.60956391035603,0.130628647653288,0.697062687532828
"rno-miR-598-3p",-0.166246605674569,9.84648948489483,2.49572563021004,0.138579882220292,0.697062687532828
"rno-miR-666-5p",0.631930940007128,3.23267066728548,3.58465420021013,0.142480693198867,0.705410548536722
"rno-miR-344i",1.12256764827609,2.08080357729114,8.24508146513262,0.146846868787186,0.718191257688507
"rno-miR-299b-3p",0.900851004807807,2.4508000468424,4.377140098613,0.149511934686083,0.718191257688507
"rno-miR-381-3p",0.540099914984459,4.06904685668306,2.44950153442664,0.148861691664162,0.718191257688507
"rno-miR-126a-3p",0.151967415918642,12.0719089817021,2.37392522300305,0.147766649474279,0.718191257688507
"rno-miR-211-5p",-0.81616673829405,2.65989915080413,3.7107661404371,0.146086613449405,0.718191257688507
"rno-miR-10b-5p",1.31008473704022,5.47207442465121,2.8137367711592,0.155436901577966,0.730514632872313
"rno-miR-134-3p",0.625847874261148,3.18202824448307,6.37507619550353,0.155104148850021,0.730514632872313
"rno-miR-346",0.272421035927844,5.31986773434401,3.02555373644797,0.153844835539967,0.730514632872313
"rno-miR-935",-0.24597806777462,5.68261403866056,2.27615460595193,0.155698286064483,0.730514632872313
"rno-miR-503-3p",1.10664586998349,2.04607701211507,7.72472380227277,0.16076340270928,0.74991945656872
"rno-miR-106b-5p",-0.314912456184216,4.85761248911082,3.10608509294508,0.164131671877915,0.761231374744123
"rno-miR-496-3p",0.266693224954244,6.4264859770949,2.14228637721388,0.167448782940784,0.770482361058225
"rno-miR-181d-5p",0.202878135044725,7.32785555066033,2.1359120143583,0.168035806129179,0.770482361058225
"rno-miR-216a-3p",2.1788122679627,1.23641894049063,9.15950880899037,0.169188266792902,0.771383792665941
"rno-miR-365-3p",-0.386263922396088,4.23567795201917,3.3297482551486,0.17714490253847,0.803123237913174
"rno-miR-412-3p",0.72540884396325,2.7382266486079,4.35466777050883,0.178325405354592,0.803958671067911
"novel_125",2.13359469924399,1.22895147356768,6.0316568030017,0.179760608738035,0.805926729175526
"rno-miR-3068-3p",0.160943329723333,8.63873903949393,1.99740260453153,0.18146246372588,0.809061923904889
"rno-miR-28-5p",0.343346551049133,4.51024807025377,2.67434754857472,0.182760677792236,0.810372895485355
"rno-miR-499-5p",-0.284858495612142,6.96652033143117,1.91850231072024,0.191453297995879,0.844277658375269
"rno-miR-122-5p",0.852848053302421,2.35221844224961,3.1032499690921,0.193650337699005,0.849325122408135
"rno-miR-326-3p",0.189772175986846,6.69617468186364,1.85903723651117,0.196274708100061,0.856182105063509
"rno-miR-323-5p",0.506060832994282,3.38916371737542,3.00553117503536,0.207789538943679,0.896717422072452
"rno-miR-3556a",-0.188149029087874,9.43316279602048,1.7667209443602,0.207031851547268,0.896717422072452
"rno-miR-107-3p",-0.171787453799804,7.91819143916463,1.74855955183075,0.209237444034348,0.898162858168717
"rno-miR-150-3p",0.942323082977581,2.10993298604843,5.86128483182304,0.21079704095657,0.900069905036782
"rno-miR-664-3p",0.19939168783994,5.78859677805102,1.73592863890714,0.216076910114353,0.917758244538331
"rno-miR-541-3p",0.674439058420722,2.68457825911246,1.90368993768666,0.221491298240112,0.930955612915473
"rno-miR-532-3p",0.659465907269604,2.73101194501715,4.77621458886164,0.221458987707691,0.930955612915473
"rno-miR-7b",0.257191004280992,11.4681519865044,1.72635488414244,0.224987099289945,0.940749166461067
"rno-miR-379-3p",0.200404329127729,5.80789549059668,1.59091563372634,0.229735099369713,0.950941553264154
"rno-miR-342-3p",-0.236209524271769,6.95630560634264,1.59157141725291,0.229781416216245,0.950941553264154
"rno-miR-100-3p",0.716691439898877,2.51401369249256,3.63396658478793,0.232577204369106,0.957601040438104
"rno-miR-99b-3p",0.214738981132432,7.62827009782807,1.53251395777301,0.238085393519542,0.965311716232412
"rno-miR-221-3p",-0.141230326977965,10.0782610479756,1.5257925990606,0.238973749154888,0.965311716232412
"rno-miR-384-5p",-0.143408817579887,8.8061347827401,1.5240022966552,0.239234626079904,0.965311716232412
"rno-miR-342-5p",-0.653733496085852,2.68317723638689,3.92939602047813,0.235902533484154,0.965311716232412
"rno-miR-539-5p",0.216280629635806,6.19959712272337,1.50791828902871,0.241595398939124,0.969987497233201
"rno-miR-152-3p",0.228167900438937,6.97745685342389,1.49642560583867,0.243435384906048,0.972536413956341
"rno-miR-336-5p",1.62670098665331,1.09121294942806,4.79777882206361,0.297501787473717,1
"rno-miR-547-5p",1.58365593304918,1.08736429182384,2.87716219544799,0.308246481358429,1
"rno-miR-3075",1.46892770188992,1.07760678176863,4.58757540633618,0.337717364950711,1
"rno-miR-466b-3p",1.28689347529856,1.27948166854319,2.47554609290058,0.373374084076298,1
"novel_274",1.26643761718997,1.28130446708307,3.11795952787725,0.379613642630997,1
"rno-miR-6314",1.2212725811257,1.05882482218854,2.31840640600077,0.405445637664301,1
"rno-miR-3548",1.22002821853989,1.22372291774251,2.65346201177226,0.423979923650035,1
"rno-miR-743b-5p",1.16140925162746,1.30785466750187,2.46759728188959,0.405158892260169,1
"rno-miR-875",1.15835485575702,1.0545124582447,2.20380179787671,0.423566411625083,1
"rno-miR-743a-5p",1.15800265712238,1.21147301882319,2.64713731022439,0.452368558929057,1
"rno-miR-2985",1.11992786094781,1.48357243450709,4.18610807853354,0.341924834662969,1
"rno-miR-181b-2-3p",1.03668977183003,1.19580385783784,1.92084015868195,0.505895608324302,1
"rno-miR-208a-5p",1.0176398459319,1.04547572165473,2.32567479758972,0.465523556410155,1
"rno-miR-3546",1.0176398459319,1.04547572165473,2.32567479758972,0.465523556410155,1
"rno-miR-5132-5p",0.963936196695763,1.14450637931164,1.34721625543884,0.554390150027759,1
"rno-miR-6216",0.947715151817336,1.09108203750142,1.38711684090918,0.568578421944718,1
"novel_281",0.943258785012331,1.09042908377149,1.28675566524003,0.570326453464739,1
"rno-miR-3120",0.938200738580143,1.84810619360711,3.40188954838733,0.289176049818199,1
"novel_355",0.934664633094406,1.09412641718171,1.03021437476015,0.57430279155487,1
"rno-miR-6328",0.927786595955296,1.09357775157666,1.21534622258423,0.577099203309553,1
"rno-miR-653-3p",0.920875610700731,1.09302887732716,1.28925455651931,0.579913709093444,1
"novel_439",0.919452595037543,1.35918055675352,1.59353112372434,0.482698255469751,1
"novel_390",0.897643526889707,1.27744614867893,1.66278795768733,0.528096512944678,1
"rno-miR-450b-3p",0.889948440990344,1.61293817020173,2.46002101361785,0.394910146954982,1
"rno-miR-1247-5p",0.881341654876061,1.08565864999636,1.14849687850228,0.595419992371256,1
"rno-miR-764-3p",0.86565404650714,1.34703825332629,1.89366315067972,0.512817468921433,1
"rno-miR-3594-5p",0.86144184135356,1.55729230538605,1.72737145368379,0.430408949260969,1
"rno-miR-30b-3p",0.838628449532154,1.12832878340995,1.12416000606903,0.6103710976106,1
"rno-miR-200a-5p",0.838604259974888,1.2688931314958,1.32117390580187,0.558264277650324,1
"rno-miR-10b-3p",0.812734430862332,1.03371468271951,1.81575924097888,0.530600019668835,1
"novel_503",0.804050663456049,1.18075182276338,0.933054423374483,0.608719728119258,1
"novel_475",0.802033180104542,1.03314255480125,1.78717734108582,0.534147628804555,1
"novel_361",0.776846210017491,1.12307067071924,0.831352883044051,0.637745660365466,1
"rno-miR-365-5p",0.758493714800873,1.03085609541069,1.45124291957158,0.548754964247917,1
"rno-miR-499-3p",0.758493714800873,1.03085609541069,1.45124291957158,0.548754964247917,1
"novel_402",0.749195588049085,1.0763643443209,0.879892416949974,0.650337172163464,1
"rno-miR-15a-5p",0.749118421138332,1.2469166298726,0.829909849345668,0.608385959146641,1
"rno-miR-489-5p",0.747380889427401,1.03028283289688,1.64869500433099,0.552529621662149,1
"novel_393",0.745777949064197,2.14477950389642,4.43596522027626,0.307818282771341,1
"rno-miR-3595",0.744475454018368,2.25933491529397,2.64991784162139,0.277888480478766,1
"novel_459",0.741735762263681,1.12002040292397,0.771015386472502,0.653462970700327,1
"rno-miR-3561-3p",0.736181799030034,1.02970934260401,1.408467734326,0.556353429223792,1
"rno-miR-122b",0.722257558702773,2.17559217125207,1.54823369098864,0.314411360591527,1
"rno-miR-6318",0.720585578463238,1.20230191197007,0.929119272431894,0.638195452046649,1
"rno-miR-3552",0.71376840238642,1.65953117717545,1.42554622531316,0.476043534872609,1
"rno-miR-155-5p",0.712777140527618,1.8075923909666,2.22376736440714,0.428577675879425,1
"rno-miR-378b",0.708138401628072,1.11742916873485,0.680319303331339,0.668535738563559,1
"novel_259",0.705628970141357,1.15898653379474,0.614097241043289,0.659357240294717,1
"rno-miR-200c-3p",0.702539634470193,2.16559871217349,3.79375007508209,0.330144837679427,1
"rno-miR-450a-3p",0.691141434230414,1.27807534021918,0.866865257505463,0.624378821805985,1
"rno-miR-154-3p",0.673324791547556,2.55513604303812,3.43060063453957,0.251562657313182,1
"rno-miR-3084a-5p",0.663600762482218,1.5480504462663,0.859420763542677,0.543458721843396,1
"rno-miR-3084b-5p",0.663600762482218,1.5480504462663,0.859420763542677,0.543458721843396,1
"rno-miR-665",0.635618590481372,2.48635664828095,2.83698255007151,0.294892381034346,1
"rno-let-7f-1-3p",0.624300702642301,1.69784759129348,1.72273517375084,0.519860809294814,1
"rno-miR-224-5p",0.600858794073676,1.69617946654749,1.62326705521143,0.535837816953985,1
"rno-miR-504",0.598281573978054,1.62916072975976,1.36362205229371,0.557873301032487,1
"rno-miR-743b-3p",0.594775909633635,1.34295058992103,1.12884204648015,0.6511962892852,1
"rno-miR-1306-3p",0.586452088397414,1.34458576573487,1.08542706417846,0.655150384841683,1
"rno-miR-489-3p",0.576544711977582,1.06474846890776,0.568231105055563,0.724523830937016,1
"rno-miR-96-5p",0.568186654446603,1.89239597075485,0.805818037726099,0.502150087746333,1
"novel_334",0.564299300396567,1.25982309163155,0.465466207387241,0.693993294609207,1
"rno-miR-376a-3p",0.562655264813499,2.56050135941244,2.62531371633735,0.334822111929086,1
"rno-miR-107-5p",0.553062050200482,1.26189741942683,0.421615947383688,0.699068562942169,1
"rno-miR-483-5p",0.547658266111659,1.22775890904237,0.514382038068247,0.712185240107626,1
"novel_2",0.5411035262494,2.48903332196732,2.06358116097255,0.370373587069759,1
"rno-miR-466c-5p",0.529771853431425,1.50062881547895,1.07432494220246,0.639891624891312,1
"rno-miR-874-5p",0.521521742240069,1.64673710600115,0.783083476954327,0.603751259413081,1
"rno-miR-1188-5p",0.511461169051175,2.20972483462755,1.27362759936165,0.464463313327384,1
"rno-miR-1193-5p",0.505802433034132,1.3654074715904,0.504700246807951,0.693452498507628,1
"rno-miR-1247-3p",0.496386527732274,1.01839676197032,0.946066070273131,0.644064482379776,1
"rno-miR-6316",0.496386527732274,1.01839676197032,0.946066070273131,0.644064482379776,1
"rno-miR-448-5p",0.496252585245003,1.668226753233,1.25757945028387,0.615413549795745,1
"rno-miR-3072",0.492149749945172,3.01991838305552,2.50120125881635,0.295357243898098,1
"rno-miR-505-5p",0.490343767273113,1.32355643409276,0.490850132242942,0.714062975714733,1
"rno-miR-1949",0.482977774134468,1.49085624208002,0.510594280381654,0.671983409465901,1
"rno-miR-871-3p",0.474018820950767,1.45369610409624,0.665430156325876,0.687626422090697,1
"rno-miR-20b-3p",0.465819191360195,1.13709114602784,0.296806021718316,0.774532161785329,1
"rno-miR-298-5p",0.458437011233756,3.12240770578107,2.44930686821326,0.307533748408949,1
"rno-miR-1912-3p",0.435639280053147,1.54917612915207,0.511374789399523,0.687735838349432,1
"rno-miR-324-3p",0.429058468505011,2.98249938363017,2.73512843441853,0.368743108331529,1
"novel_472",0.428530173758887,1.01550763420482,0.815261777284471,0.671566037078191,1
"rno-miR-15a-3p",0.428530173758887,1.01550763420482,0.815261777284471,0.671566037078191,1
"rno-miR-201-3p",0.428530173758887,1.01550763420482,0.815261777284471,0.671566037078191,1
"rno-miR-3593-5p",0.428530173758887,1.01550763420482,0.815261777284471,0.671566037078191,1
"rno-miR-449c-5p",0.428530173758887,1.01550763420482,0.815261777284471,0.671566037078191,1
"rno-miR-497-3p",0.428530173758887,1.01550763420482,0.815261777284471,0.671566037078191,1
"rno-miR-742-5p",0.428530173758887,1.01550763420482,0.815261777284471,0.671566037078191,1
"rno-miR-362-3p",0.418167153240415,1.71062102665539,0.853103379962967,0.661592410992898,1
"rno-miR-381-5p",0.417200491338739,1.24540505396385,0.434942259995883,0.773901368594718,1
"rno-miR-103-1-5p",0.414547677763491,1.01492824037708,0.788340461881424,0.677434356730287,1
"rno-miR-122-3p",0.414547677763491,1.01492824037708,0.788340461881424,0.677434356730287,1
"rno-miR-207",0.414547677763491,1.01492824037708,0.788340461881424,0.677434356730287,1
"rno-miR-3550",0.414547677763491,1.01492824037708,0.788340461881424,0.677434356730287,1
"rno-miR-3561-5p",0.414547677763491,1.01492824037708,0.788340461881424,0.677434356730287,1
"rno-miR-5132-3p",0.414547677763491,1.01492824037708,0.788340461881424,0.677434356730287,1
"rno-miR-880-3p",0.414547677763491,1.01492824037708,0.788340461881424,0.677434356730287,1
"rno-miR-126b",0.411405814728898,2.03377999738345,0.935472475131713,0.594002911146739,1
"rno-miR-223-5p",0.40641477132553,1.56040661313319,0.400658208093736,0.704892733305205,1
"rno-miR-328a-5p",0.405488552015973,1.09424181792811,0.226415699732623,0.8076247561587,1
"rno-miR-511-3p",0.405370172411312,1.17282056502779,0.280443096674405,0.796307652993659,1
"rno-miR-92b-5p",0.399641825266851,2.45982675238758,1.55105841044456,0.512829650436979,1
"rno-miR-540-5p",0.398104796517253,2.66104047479042,1.617264993858,0.47165752565509,1
"rno-miR-410-5p",0.395570519656654,1.61325339934925,0.636448436438422,0.700412918203698,1
"rno-miR-673-5p",0.388978164320854,2.07732196744363,0.831436402373129,0.604829282696284,1
"rno-miR-1193-3p",0.387135586579322,3.47006770312319,2.82562180822413,0.31752363063204,1
"rno-miR-483-3p",0.385979350347029,1.35350310287383,0.217087219380192,0.765681458102356,1
"rno-miR-153-5p",0.382195983388294,1.60873449439516,0.5049449024327,0.710984210628927,1
"rno-miR-741-3p",0.380485208304686,2.36262831326141,1.00519588204905,0.553245409758589,1
"novel_264",0.372485176411968,1.5025616502102,0.469646855289014,0.740836684387553,1
"rno-miR-15b-3p",0.370940796736882,2.14977883001827,1.09247567734427,0.606691052113398,1
"rno-miR-223-3p",0.365133282173781,1.84480098469687,0.490130296033056,0.674324511347518,1
"rno-miR-6325",0.359297925003923,1.46310229999416,0.35958168826008,0.757967335128533,1
"rno-miR-141-3p",0.349909938109551,1.13062953030086,0.187711423652244,0.830322662968309,1
"rno-miR-296-3p",0.33578317495421,1.68642628390015,0.588318587023221,0.729448278610374,1
"rno-miR-471-5p",0.332647365708885,1.05099517132207,0.207484953038093,0.835083637738697,1
"rno-miR-339-3p",0.326569178561333,4.12727325705245,2.65694956390822,0.273103225501377,1
"novel_398",0.32446758578971,1.05032381945658,0.198511589041927,0.838801258271298,1
"rno-miR-433-5p",0.321670182544075,4.12108884803929,2.3949936754847,0.281462834189165,1
"rno-miR-543-5p",0.318018189952188,2.50060134292195,1.00762650981997,0.594386647352485,1
"rno-miR-3544",0.305683743471035,3.71499778644561,2.1858647094028,0.382606386385336,1
"rno-miR-192-3p",0.298863574037008,1.05243229132235,0.164161481929632,0.852326788818057,1
"rno-miR-421-5p",0.292127956086453,1.26414995742575,0.184431382090941,0.837018275957989,1
"rno-miR-6319",0.29168538549519,2.61638445203829,0.496399930799419,0.604961324398022,1
"rno-miR-25-5p",0.290674227167254,1.76657076486461,0.276057524205474,0.750853980354957,1
"rno-miR-152-5p",0.282099579080207,2.42987813775725,0.735530404124848,0.648369100717709,1
"rno-miR-133a-5p",0.278124002830334,1.0855272322215,0.12721070714628,0.867386560696023,1
"rno-miR-1839-3p",0.276333237928077,3.75648588466782,1.54987089765332,0.422053977806201,1
"rno-miR-3583-3p",0.272625836413575,1.30264411142266,0.156019946429021,0.841392915703801,1
"rno-miR-193b-3p",0.272271040141428,4.7110370908554,2.2803147963583,0.254229047284693,1
"rno-miR-3560",0.270504846546184,2.8539619995408,0.617791335975068,0.591583053796121,1
"rno-miR-501-3p",0.270504846546184,2.8539619995408,0.617791335975068,0.591583053796121,1
"rno-miR-494-5p",0.269456689036242,1.08497528620472,0.1193809906772,0.871475464818901,1
"rno-miR-216b-3p",0.269456689036242,1.08497528620472,0.1193809906772,0.871475464818901,1
"rno-miR-130a-5p",0.267931193849701,1.69345939509258,0.392602266393411,0.78121724774177,1
"rno-miR-377-5p",0.267379038644929,1.74344586380358,0.279172066675116,0.773785872907708,1
"novel_492",0.267293824273954,1.04760422496676,0.137839861522458,0.865954196508719,1
"rno-miR-181a-2-3p",0.265848348915824,2.77666098142955,0.828582177151174,0.610824228580513,1
"rno-miR-216b-5p",0.263076522322397,1.42548243331909,0.182314048989802,0.827202799111726,1
"rno-miR-298-3p",0.262782057305482,1.5658797020238,0.287298287008161,0.805196890091002,1
"rno-miR-135b-3p",0.261183853886496,1.39018239090469,0.175855580854514,0.834022662062483,1
"rno-miR-144-3p",0.261163026812252,1.6007451324649,0.250525652866021,0.800940813757496,1
"rno-miR-19b-1-5p",0.256094733876587,1.04703757875534,0.112412174032141,0.871306854396713,1
"rno-miR-200a-3p",0.242276059561927,3.15085143645981,0.220069991911668,0.651396393609932,1
"novel_295",0.241680725103875,2.35089525836769,0.393724306675829,0.707482076984093,1
"rno-miR-203b-3p",0.241481250516223,1.29290377436277,0.140791539576694,0.860688880625148,1
"rno-miR-130a-3p",0.236702155648696,4.36405955797894,1.62823815144545,0.383848867792021,1
"rno-miR-3590-5p",0.236702155648696,4.36405955797894,1.62823815144545,0.383848867792021,1
"rno-miR-547-3p",0.235525182744118,1.42097639509367,0.157298612665684,0.84564842909147,1
"novel_320",0.228364447220149,1.15298585551454,0.05869114062977,0.886436641898525,1
"rno-miR-671",0.226656813199255,4.45199512966022,1.42207128346418,0.388589340870819,1
"rno-miR-3064-5p",0.225591343008622,1.83794480316704,0.243843415940286,0.795602055356159,1
"novel_433",0.223419289148044,1.08232028595384,0.0826758124838407,0.893245949647672,1
"rno-miR-344a-5p",0.223419289148044,1.08232028595384,0.0826758124838407,0.893245949647672,1
"rno-miR-202-5p",0.221517804187976,1.37987415222484,0.0909081118747225,0.860272552695449,1
"rno-miR-331-3p",0.22150298363069,3.3875498574204,0.850324780944342,0.579324102935694,1
"rno-miR-3590-3p",0.217181959547116,1.68196119059115,0.257543278756532,0.82325310000731,1
"novel_189",0.21621041732745,2.22952417048285,0.339843126010494,0.753074848288514,1
"rno-miR-188-5p",0.212671763693232,1.47570717196824,0.13077247697166,0.85332032651966,1
"rno-miR-487b-3p",0.205462999803572,8.06223816254273,0.947789138823698,0.351367669257839,1
"rno-miR-370-3p",0.200419351851929,9.38714352647597,1.17128496383319,0.30247112033227,1
"novel_482",0.193554711438674,1.28650769206066,0.0791945381203852,0.888835260356573,1
"rno-miR-128-1-5p",0.192306023440475,3.48692890906785,0.72509548412453,0.615910235985105,1
"rno-miR-15b-5p",0.191923345644775,3.62655787837905,0.461610093513404,0.596156210338789,1
"rno-miR-542-3p",0.189816156972638,6.16203317395756,0.945028190593106,0.3491014313244,1
"rno-miR-30d-3p",0.188416211479087,4.18077978252097,0.830261157663391,0.517747260760245,1
"rno-miR-1843b-3p",0.183072977239611,2.55237591456195,0.372386742176693,0.752649159132367,1
"rno-miR-344b-5p",0.180091845530812,3.33862047836456,0.552551448055605,0.658607503043308,1
"rno-miR-544-3p",0.179922611504652,1.07945256565746,0.0548121764788662,0.913875788562391,1
"novel_168",0.17888381102688,3.91112092881197,0.597107470655967,0.580118386418668,1
"rno-miR-770-5p",0.177243131732753,3.38919897405999,0.556602094950667,0.656942855606278,1
"rno-miR-874-3p",0.175511735865596,5.46083558469457,0.901118708342828,0.360089939771356,1
"rno-miR-133b-3p",0.174605107956087,1.7211182899549,0.156844215079654,0.85329558358828,1
"rno-miR-380-3p",0.17231537719168,6.80190834897247,1.10172010556014,0.313334786512819,1
"rno-miR-7578",0.170822478547534,1.4254033113678,0.044274635297394,0.887175084135549,1
"rno-miR-455-3p",0.167472301065058,4.48149771106894,0.852805817816774,0.519227599186268,1
"rno-miR-204-5p",0.163586554237665,9.74140519550311,0.860866290608966,0.373561988227238,1
"rno-miR-423-3p",0.161464478268487,7.0993188519516,1.28121874646972,0.278466244195271,1
"rno-let-7a-2-3p",0.160290840845233,2.20144741932325,0.178682171196433,0.818272787540199,1
"rno-miR-3547",0.160088330801819,1.15038822112346,0.0413761336294677,0.920418381251049,1
"rno-miR-542-5p",0.15974547310149,1.44635674188041,0.0639043583689901,0.892374960719166,1
"rno-let-7b-3p",0.157038711298544,3.56611425337505,0.305297294368482,0.672089932470928,1
"rno-miR-3074",0.152912018708625,4.07487255566447,0.406909271997966,0.614127387305402,1
"rno-miR-181c-3p",0.152857972930378,5.82417235974153,1.04345413832441,0.336635526180613,1
"rno-miR-503-5p",0.15128878847637,2.54249713335362,0.210989755159881,0.795443208827684,1
"rno-miR-23a-3p",0.150276574060129,8.65975691260279,1.42986679792858,0.253503921990874,1
"rno-miR-300-5p",0.149454042323208,4.2905958985136,0.470012677335384,0.592435828941087,1
"rno-miR-299a-3p",0.145298291575971,5.64808940403755,0.943056475825298,0.391144367924189,1
"rno-miR-3084a-3p",0.144253952268218,2.08865261254336,0.165626359797937,0.846242730923926,1
"rno-miR-22-5p",0.142996134642505,6.96145215378037,0.769897208600417,0.396445574885983,1
"rno-miR-134-5p",0.136109697714535,8.06924437894817,1.07210949152008,0.319666913708221,1
"rno-miR-151-3p",0.135684416694437,9.44258907156732,1.00271755685873,0.335238736439587,1
"rno-let-7c-1-3p",0.134328539873691,2.85870608393343,0.235438903436066,0.789119892448443,1
"rno-miR-421-3p",0.133164016743282,3.83483049396574,0.323917409078941,0.689315304434159,1
"rno-miR-881-3p",0.132258491811426,1.6869194488322,0.070557011196971,0.891315221580298,1
"rno-miR-3473",0.131344063250461,1.27343500329391,0.0279830224383495,0.925449881746389,1
"rno-miR-24-3p",0.131158180119441,11.2183587455961,0.935003588927229,0.352819346586813,1
"rno-miR-1306-5p",0.129237779038453,2.34056088517604,0.126741898096158,0.841627161069006,1
"rno-miR-24-1-5p",0.123946624957292,4.24483531039702,0.315412305537547,0.662563492206298,1
"rno-miR-485-3p",0.120437943732181,6.44743088152797,0.383782723609893,0.546539438581698,1
"rno-miR-128-2-5p",0.117581996147994,3.05225305114781,0.200279554878008,0.798481932813663,1
"rno-miR-203a-5p",0.113369281248821,1.27722344082273,0.0241811074089613,0.935358324370628,1
"rno-miR-193a-5p",0.108057965750589,1.50581847055738,0.0404841424811198,0.923083793636264,1
"rno-miR-3549",0.108057965750589,1.50581847055738,0.0404841424811198,0.923083793636264,1
"rno-miR-217-5p",0.107493481455742,2.69533437733871,0.0875645676259637,0.84272583453996,1
"rno-miR-3576",0.106913157645014,6.1433499319807,0.440831392008386,0.518521815596995,1
"rno-miR-877",0.106140889688468,3.51642598922214,0.189725992190233,0.779120446757756,1
"rno-miR-216a-5p",0.10510825207097,1.33320116472617,0.0294061185048803,0.936418905612255,1
"rno-miR-148a-3p",0.104031721363597,13.4242985714723,1.24072532912583,0.28584389734624,1
"rno-miR-203b-5p",0.0997161764520906,4.41972146962533,0.202551790372873,0.707465089082791,1
"rno-miR-125b-1-3p",0.0986292686089107,5.98914508888596,0.458361086390965,0.510591620663465,1
"rno-miR-592",0.0972577456017392,5.46467997089074,0.174190336964093,0.683849896894737,1
"rno-miR-382-5p",0.0963785503667815,8.89387913320547,0.565780068552827,0.465570551096592,1
"rno-miR-702-5p",0.0943647294183717,1.14511073159097,0.0147990230065616,0.953260897946734,1
"rno-miR-203a-3p",0.0908612221488429,4.68924663769377,0.199059958284434,0.705226709783625,1
"rno-miR-149-5p",0.0897785660425447,9.39470659886162,0.597340096387819,0.453653602944068,1
"rno-miR-154-5p",0.0895522741399976,6.01857854066567,0.143289754517754,0.712292586656376,1
"rno-miR-493-5p",0.0882922944876016,6.50532372860402,0.1765847603589,0.681817493847822,1
"rno-miR-136-3p",0.0871117686823704,11.0786020279239,0.51043544710391,0.487796752898069,1
"rno-miR-487b-5p",0.0860718426775216,1.49794629367579,0.0203571244252234,0.939110274624117,1
"rno-miR-329-5p",0.0852790054145638,8.21853198733298,0.426392155005862,0.52533885098458,1
"rno-miR-672-5p",0.0794910311374888,4.60404277133134,0.202516229828918,0.748527787009558,1
"rno-miR-376c-3p",0.0785940513096045,4.70917891700491,0.181168583091241,0.741787102592775,1
"rno-miR-141-5p",0.0763090046284473,1.20823280985898,0.0116936538384407,0.959624165201927,1
"rno-miR-106b-3p",0.0695470586771997,5.45951887812662,0.159982774614827,0.701055061718206,1
"rno-miR-99b-5p",0.0692293436418159,12.4592113509428,0.364792906343377,0.556469069114298,1
"rno-miR-27b-5p",0.0680453653042066,4.2203120519576,0.110376437255536,0.812327190201626,1
"rno-miR-344a-3p",0.0666314884915669,8.58677813467899,0.303785247955762,0.591026037263581,1
"rno-miR-17-1-3p",0.0664724798652715,1.62195188248964,0.0187789428300399,0.94787659059054,1
"rno-miR-129-5p",0.0660396664032877,12.5433005057555,0.507510930822091,0.489022132862826,1
"rno-miR-192-5p",0.0656104856184523,9.06620719956162,0.0364870115275074,0.854674801910484,1
"rno-miR-3543",0.0629589719105005,11.0919119248367,0.414831097571761,0.530918378371615,1
"rno-miR-125a-5p",0.0593978209118586,10.9442792653493,0.384986851126151,0.545853363861745,1
"rno-miR-328a-3p",0.0577699457323199,10.3801585422447,0.330442436375806,0.575379875217973,1
"rno-miR-664-2-5p",0.0575028451119214,4.04730590103892,0.0774374057140914,0.851102974424049,1
"rno-miR-494-3p",0.0555453418503046,4.04225053322867,0.0345219172128569,0.856436620630011,1
"rno-miR-100-5p",0.054353729595748,13.7292191733626,0.259584743217145,0.619142785753361,1
"rno-miR-345-3p",0.0528114157582521,3.00280948019479,0.0353509363065572,0.910635671504741,1
"rno-miR-541-5p",0.0515542019284527,10.1498822699101,0.13012382409029,0.724407390563203,1
"rno-miR-99a-5p",0.0480398234693593,14.8505345336724,0.121108627067572,0.735681205681661,1
"rno-miR-138-1-3p",0.0476790512770513,4.5787079995338,0.0674257154331086,0.848904382829264,1
"rno-miR-339-5p",0.0447021421845416,5.05628899829781,0.076114183975112,0.83127840679536,1
"rno-miR-3596b",0.0436489787166877,9.80565677080956,0.167090449385839,0.689478123505581,1
"rno-let-7d-5p",0.0435612503785798,9.80569988086002,0.166431838837716,0.690055170278913,1
"rno-miR-3084a-1-5p",0.0412941800378904,2.01674336831572,0.0117323970813292,0.957562847763585,1
"rno-miR-136-5p",0.0406837981275976,6.83537904535456,0.0620280220212122,0.807276909221321,1
"rno-miR-434-3p",0.0390142471084912,11.0797051076223,0.118533152496518,0.736230423429397,1
"rno-miR-181c-5p",0.0382543198771301,4.92736171509675,0.0448754672043925,0.862000836104717,1
"rno-miR-9b-5p",0.0323699397664365,7.06619127326299,0.0346608236882496,0.855231000293882,1
"rno-miR-3570",0.0307636592912454,8.24124129825265,0.0449984155251464,0.835352921749454,1
"rno-miR-181a-1-3p",0.0296758874698013,8.23663211863508,0.041333979308504,0.842096163615483,1
"rno-miR-219a-1-3p",0.0296341877130196,2.26735722682081,0.00754062252729316,0.964842350914811,1
"rno-miR-7a-5p",0.029239892560838,14.8241645923755,0.0362841925080684,0.853633305061287,1
"rno-miR-879-5p",0.0250222604936183,4.48098191327342,0.0135051877025296,0.923161643658916,1
"rno-miR-139-5p",0.0232952011808692,11.5245953190057,0.0498301878110582,0.826887684487917,1
"rno-miR-133a-3p",0.0220164951879074,4.10721847583793,0.00217975844820919,0.964046831908206,1
"rno-miR-133c",0.0220164951879074,4.10721847583793,0.00217975844820919,0.964046831908206,1
"rno-miR-146b-3p",0.0217969965721202,3.96212463943463,0.00917779264855072,0.945099814793199,1
"rno-miR-3586-3p",0.0217174233809806,5.19540799107067,0.0186856852747117,0.913319932046745,1
"rno-miR-1224",0.0216900342442266,4.68633515708833,0.0129966940381334,0.928078612290574,1
"rno-miR-222-5p",0.0213044962368793,3.41742576920808,0.00794811447794743,0.956883749244448,1
"rno-miR-151-5p",0.0196011506398408,5.1943966680821,0.0152524060544834,0.921768641051609,1
"rno-miR-330-3p",0.0185644130812253,7.81129108482645,0.0130866980210154,0.910700850974978,1
"rno-miR-125b-2-3p",0.0161315227341407,9.55937163022217,0.0196188517833693,0.890790392300492,1
"rno-miR-222-3p",0.0139575216777377,10.1788217161053,0.017630937623938,0.896434201351476,1
"rno-miR-23b-3p",0.0129877993345019,9.51477496711246,0.0140814217059365,0.907385689430608,1
"rno-miR-324-5p",0.0112508874447286,5.39542088729207,0.00353270088955803,0.953523845115592,1
"rno-miR-3559-5p",0.00850999212421718,6.27651554267404,0.00282502751250639,0.958433515505949,1
"rno-miR-148a-5p",0.00784426801889398,6.94844841067523,0.00287546927958964,0.958064445885707,1
"novel_155",0,0.999994122667051,0,1,1
"novel_197",0,0.999994122667051,0,1,1
"novel_207",0,0.999994122667051,0,1,1
"novel_222",0,0.999994122667051,0,1,1
"novel_236",0,0.999994122667051,0,1,1
"novel_239",0,0.999994122667051,0,1,1
"novel_240",0,0.999994122667051,0,1,1
"novel_243",0,0.999994122667051,0,1,1
"novel_268",0,0.999994122667051,0,1,1
"novel_273",0,0.999994122667051,0,1,1
"novel_277",0,0.999994122667051,0,1,1
"novel_278",0,0.999994122667051,0,1,1
"novel_284",0,0.999994122667051,0,1,1
"novel_287",0,0.999994122667051,0,1,1
"novel_288",0,0.999994122667051,0,1,1
"novel_316",0,0.999994122667051,0,1,1
"novel_333",0,0.999994122667051,0,1,1
"novel_350",0,0.999994122667051,0,1,1
"novel_362",0,0.999994122667051,0,1,1
"novel_373",0,0.999994122667051,0,1,1
"novel_374",0,0.999994122667051,0,1,1
"novel_376",0,0.999994122667051,0,1,1
"novel_379",0,0.999994122667051,0,1,1
"novel_382",0,0.999994122667051,0,1,1
"novel_389",0,0.999994122667051,0,1,1
"novel_410",0,0.999994122667051,0,1,1
"novel_417",0,0.999994122667051,0,1,1
"novel_418",0,0.999994122667051,0,1,1
"novel_429",0,0.999994122667051,0,1,1
"novel_431",0,0.999994122667051,0,1,1
"novel_434",0,0.999994122667051,0,1,1
"novel_436",0,0.999994122667051,0,1,1
"novel_445",0,0.999994122667051,0,1,1
"novel_448",0,0.999994122667051,0,1,1
"novel_450",0,0.999994122667051,0,1,1
"novel_451",0,0.999994122667051,0,1,1
"novel_454",0,0.999994122667051,0,1,1
"novel_458",0,0.999994122667051,0,1,1
"novel_460",0,0.999994122667051,0,1,1
"novel_463",0,0.999994122667051,0,1,1
"novel_468",0,0.999994122667051,0,1,1
"novel_470",0,0.999994122667051,0,1,1
"novel_473",0,0.999994122667051,0,1,1
"novel_476",0,0.999994122667051,0,1,1
"novel_478",0,0.999994122667051,0,1,1
"novel_481",0,0.999994122667051,0,1,1
"novel_483",0,0.999994122667051,0,1,1
"novel_485",0,0.999994122667051,0,1,1
"novel_487",0,0.999994122667051,0,1,1
"novel_490",0,0.999994122667051,0,1,1
"novel_494",0,0.999994122667051,0,1,1
"novel_497",0,0.999994122667051,0,1,1
"novel_499",0,0.999994122667051,0,1,1
"novel_501",0,0.999994122667051,0,1,1
"novel_505",0,0.999994122667051,0,1,1
"novel_506",0,0.999994122667051,0,1,1
"novel_509",0,0.999994122667051,0,1,1
"novel_510",0,0.999994122667051,0,1,1
"novel_511",0,0.999994122667051,0,1,1
"novel_514",0,0.999994122667051,0,1,1
"novel_516",0,0.999994122667051,0,1,1
"novel_517",0,0.999994122667051,0,1,1
"novel_522",0,0.999994122667051,0,1,1
"novel_523",0,0.999994122667051,0,1,1
"novel_524",0,0.999994122667051,0,1,1
"novel_525",0,0.999994122667051,0,1,1
"novel_527",0,0.999994122667051,0,1,1
"rno-miR-101b-5p",0,0.999994122667051,0,1,1
"rno-miR-183-3p",0,0.999994122667051,0,1,1
"rno-miR-196a-3p",0,0.999994122667051,0,1,1
"rno-miR-196b-5p",0,0.999994122667051,0,1,1
"rno-miR-196c-3p",0,0.999994122667051,0,1,1
"rno-miR-196c-5p",0,0.999994122667051,0,1,1
"rno-miR-200b-5p",0,0.999994122667051,0,1,1
"rno-miR-208a-3p",0,0.999994122667051,0,1,1
"rno-miR-208b-3p",0,0.999994122667051,0,1,1
"rno-miR-214-5p",0,0.999994122667051,0,1,1
"rno-miR-224-3p",0,0.999994122667051,0,1,1
"rno-miR-23a-5p",0,0.999994122667051,0,1,1
"rno-miR-290",0,0.999994122667051,0,1,1
"rno-miR-291a-5p",0,0.999994122667051,0,1,1
"rno-miR-291b",0,0.999994122667051,0,1,1
"rno-miR-29b-1-5p",0,0.999994122667051,0,1,1
"rno-miR-301b-5p",0,0.999994122667051,0,1,1
"rno-miR-3541",0,0.999994122667051,0,1,1
"rno-miR-3551-3p",0,0.999994122667051,0,1,1
"rno-miR-3551-5p",0,0.999994122667051,0,1,1
"rno-miR-3558-5p",0,0.999994122667051,0,1,1
"rno-miR-3577",0,0.999994122667051,0,1,1
"rno-miR-449c-3p",0,0.999994122667051,0,1,1
"rno-miR-452-3p",0,0.999994122667051,0,1,1
"rno-miR-465-3p",0,0.999994122667051,0,1,1
"rno-miR-466c-3p",0,0.999994122667051,0,1,1
"rno-miR-466d",0,0.999994122667051,0,1,1
"rno-miR-509-5p",0,0.999994122667051,0,1,1
"rno-miR-511-5p",0,0.999994122667051,0,1,1
"rno-miR-615",0,0.999994122667051,0,1,1
"rno-miR-632",0,0.999994122667051,0,1,1
"rno-miR-6320",0,0.999994122667051,0,1,1
"rno-miR-6332",0,0.999994122667051,0,1,1
"rno-miR-675-3p",0,0.999994122667051,0,1,1
"rno-miR-741-5p",0,0.999994122667051,0,1,1
"rno-miR-742-3p",0,0.999994122667051,0,1,1
"rno-miR-761",0,0.999994122667051,0,1,1
"rno-miR-802-3p",0,0.999994122667051,0,1,1
"rno-miR-802-5p",0,0.999994122667051,0,1,1
"rno-miR-880-5p",0,0.999994122667051,0,1,1
"rno-miR-883-3p",0,0.999994122667051,0,1,1
"rno-miR-883-5p",0,0.999994122667051,0,1,1
"rno-miR-3596c",-0.0027229250109617,10.2521062568513,0.000721961969091636,0.978979008502498,1
"rno-let-7e-3p",-0.00483463127947429,4.48994938629844,0.000708005116438896,0.985068503653265,1
"rno-let-7e-5p",-0.00502992905146061,10.2587048719209,0.00247079237278266,0.961124345528506,1
"rno-miR-185-5p",-0.00606185346524589,9.57267468573921,0.00326351469119333,0.955327471147507,1
"rno-miR-25-3p",-0.00627042714017765,7.70886019043972,0.00187284325876069,0.966150134136072,1
"rno-miR-148b-5p",-0.0102077222020378,5.08878088078878,0.00331081070393046,0.960737692056419,1
"rno-miR-150-5p",-0.0135532061070388,8.20072968946251,0.00764930259585256,0.93166129689809,1
"rno-miR-672-3p",-0.0192431713982309,2.00199208446473,0.00238854090162673,0.980392857538846,1
"rno-miR-429",-0.0200518116504915,1.49505099002773,0.00112414149044451,0.985834903903847,1
"rno-miR-191a-3p",-0.02022722313312,3.66048126724501,0.00734549418760681,0.954803526430293,1
"rno-miR-325-3p",-0.0222850254399954,6.80461655101021,0.0151363716879419,0.903997259348439,1
"rno-miR-126a-5p",-0.0260305861917535,8.23686012426447,0.0357778358985797,0.852946091546044,1
"rno-miR-666-3p",-0.0261881935451872,1.23174764563675,0.00139623953547294,0.985772998141371,1
"rno-miR-1b",-0.028479250345661,8.07425035580239,0.0103477576170501,0.921587198275312,1
"rno-miR-340-3p",-0.0320857961279851,6.85309170390351,0.0449376158320342,0.835462408511618,1
"rno-miR-193b-5p",-0.0321857639487815,1.37627451199046,0.00298296585480383,0.979642473342033,1
"rno-miR-30d-5p",-0.0325791035883297,13.759509883201,0.143607751387753,0.710942100164529,1
"rno-miR-148b-3p",-0.0328678480447586,9.55199571834685,0.0887533362823573,0.77055636779188,1
"rno-miR-125a-3p",-0.0330818016841482,3.41507409565662,0.0201439993264593,0.933160834414661,1
"rno-miR-181a-5p",-0.0363313583511227,12.7017286643238,0.0867760903021664,0.773395139944817,1
"rno-miR-452-5p",-0.0363671609667928,1.38232342003504,0.00396068353095181,0.976861439995065,1
"rno-miR-191b",-0.0417464199857893,3.62332228452359,0.0310618240092549,0.908256485445742,1
"rno-miR-3594-3p",-0.044220862610483,1.61947146853256,0.00679013161153549,0.965375903133043,1
"rno-miR-27b-3p",-0.0444255064064529,12.9529291028772,0.101679263514137,0.755843569999726,1
"rno-miR-92b-3p",-0.0460866179203815,9.23644917068525,0.184666678579248,0.674550294253264,1
"rno-miR-3065-3p",-0.0526731865640579,7.73249667443773,0.0594667614911595,0.811864278408119,1
"rno-miR-338-5p",-0.053314179741091,7.78502520618879,0.0660996212434059,0.801885597019612,1
"rno-miR-3099",-0.0544014518529129,4.62496845951373,0.0973389989453857,0.824968768587443,1
"rno-miR-3592",-0.0575551418381965,8.56298519784343,0.186764080299675,0.672826396004568,1
"rno-miR-218a-2-3p",-0.057985514559246,2.31898774570148,0.0218882675365364,0.929346722364827,1
"rno-miR-187-5p",-0.05852948241278,1.50722492903767,0.0118391708704069,0.958232169532675,1
"rno-miR-425-3p",-0.0591600626409848,3.95166051711758,0.0858155849019418,0.852408258374028,1
"rno-miR-325-5p",-0.0594508240298791,7.9668376774685,0.142391935442474,0.712107104438757,1
"rno-miR-1188-3p",-0.0640471103776867,1.06893323149579,0.00736937520049428,0.96910093261309,1
"rno-miR-3589",-0.0644485465528947,4.61151676836953,0.126316438017454,0.794357795462982,1
"rno-miR-505-3p",-0.0644485465528947,4.61151676836953,0.126316438017454,0.794357795462982,1
"rno-miR-135a-3p",-0.0653572337525777,3.78759554536102,0.0732254781075832,0.847219442604507,1
"rno-miR-186-3p",-0.0655393873899562,1.03243384918886,0.00936781788527728,0.96450890754928,1
"rno-miR-188-3p",-0.0655393873899562,1.03243384918886,0.00936781788527728,0.96450890754928,1
"rno-miR-471-3p",-0.0655393873899562,1.03243384918886,0.00936781788527728,0.96450890754928,1
"rno-miR-423-5p",-0.0691347848297512,6.15273872194192,0.208264576889675,0.655790477508897,1
"rno-miR-132-5p",-0.0707308419783085,8.95046709511776,0.399164778952666,0.53865964562163,1
"rno-miR-375-3p",-0.0735963692547686,4.2674842909993,0.0218849498703419,0.886677083179004,1
"rno-miR-674-5p",-0.0747812018939517,4.41221343275442,0.110436686061586,0.779033901077258,1
"rno-miR-124-5p",-0.075714804559104,6.64137679887041,0.240131470736413,0.632416543790016,1
"rno-miR-497-5p",-0.0776817191482924,5.76321412024982,0.252445094250259,0.632600294894552,1
"rno-miR-18a-5p",-0.0817499259659768,1.48113158415193,0.0245612879221859,0.943010091850115,1
"rno-miR-218a-5p",-0.0820005868705046,14.3911208079152,1.08508084684454,0.316870932143501,1
"rno-miR-124-3p",-0.083783934736733,11.4197084829691,0.680162753078636,0.424658004780147,1
"novel_63",-0.0853406830664361,1.03446139992093,0.0152329159483499,0.954425381761331,1
"rno-miR-376b-5p",-0.0878914584007523,7.0230862655043,0.313745886572735,0.585076569067748,1
"rno-miR-130b-5p",-0.0882469976880358,1.77272870194919,0.0396800847345011,0.922707430536277,1
"rno-miR-181b-5p",-0.08960694939409,10.421230205245,0.289098237140932,0.601590954032965,1
"rno-miR-30a-3p",-0.0916122587552541,7.80356881134984,0.534916143383237,0.477745247390736,1
"rno-miR-142-5p",-0.0917492315390004,4.27437236274591,0.133155016873972,0.743935181519411,1
"novel_441",-0.0923011584515774,1.0647201206051,0.0135008606124776,0.9552803840166,1
"rno-miR-539-3p",-0.0955256864149926,4.45268354153026,0.169132493041158,0.715952009192529,1
"rno-miR-486",-0.0956788908741233,5.33482647961617,0.183021785883297,0.676263647847912,1
"rno-miR-3542",-0.0965356041351816,1.75830547498177,0.0474419631310728,0.91632765199639,1
"rno-miR-22-3p",-0.0977161107199178,12.1436896627368,0.697212416790564,0.419119949713022,1
"rno-miR-18a-3p",-0.0981068150254662,1.13651677715233,0.0157515017558219,0.951784513906425,1
"rno-miR-455-5p",-0.099207743024126,6.53692849558077,0.460717917829101,0.509395130941379,1
"rno-miR-105",-0.0993231790618326,1.03388956800314,0.0208850353501851,0.946754555970383,1
"rno-miR-328b-3p",-0.0993231790618326,1.03388956800314,0.0208850353501851,0.946754555970383,1
"rno-miR-509-3p",-0.0993231790618326,1.03388956800314,0.0208850353501851,0.946754555970383,1
"rno-miR-30e-3p",-0.0993569017521409,8.36580547241761,0.671445671104344,0.427566686533271,1
"rno-miR-361-3p",-0.102781760710273,9.1347752456969,0.802145206801737,0.38701261788907,1
"rno-miR-383-5p",-0.103489927386792,7.38266822591908,0.538065126610067,0.476478284878419,1
"rno-miR-3558-3p",-0.103500248848945,1.06416015701223,0.0152495973957336,0.94982456624442,1
"rno-miR-190a-5p",-0.105093702558725,3.30687968736388,0.152503942978335,0.799040654212886,1
"rno-miR-138-2-3p",-0.107892608152564,3.01563677033745,0.126395122558236,0.817669339294429,1
"rno-miR-210-5p",-0.109227768619226,1.16111424579587,0.0237381889527045,0.945064164065136,1
"rno-miR-488-3p",-0.115705217350089,8.74663231268438,0.851921589254711,0.373108586235647,1
"rno-miR-182",-0.11578536600798,4.78261803927519,0.177399991620742,0.681792957033215,1
"rno-miR-448-3p",-0.116973098618987,4.42025600925795,0.0838681052809476,0.779803490907043,1
"rno-miR-3559-3p",-0.118703035769069,3.31122233524316,0.25963652586557,0.773302524025778,1
"rno-miR-879-3p",-0.118745224506915,1.72609127175405,0.0818516381177028,0.899517179731844,1
"rno-miR-872-5p",-0.120875126920466,8.91728647436815,0.720901873444473,0.411472030887809,1
"rno-miR-201-5p",-0.121986722704547,1.27714758366807,0.0361057408338593,0.930464842037546,1
"rno-miR-322-5p",-0.125069850994193,5.11761879965439,0.543067523772026,0.542226362971018,1
"rno-miR-382-3p",-0.125584126434291,8.53249840743043,0.210789296646568,0.658994969881959,1
"rno-miR-652-3p",-0.128175630938051,6.19135095787904,0.617447543848985,0.446323185015502,1
"rno-miR-147",-0.128463083722514,1.18945441910793,0.0260994561044372,0.933468475609826,1
"rno-miR-532-5p",-0.13040076022283,9.14486623696243,1.22173917098039,0.289395890693757,1
"rno-miR-30c-2-3p",-0.132494254245735,7.20728267969091,0.963788373674264,0.344456312780884,1
"rno-miR-23b-5p",-0.133936002660763,1.21835000904082,0.0276437946618107,0.928422808213426,1
"rno-miR-32-5p",-0.134957634334183,2.78148639923355,0.125309211611952,0.795382149813679,1
"rno-miR-872-3p",-0.137837986267401,4.54848351679589,0.490928660394328,0.586362861790412,1
"rno-miR-92a-3p",-0.137929328351879,6.75667647441844,1.01085689917631,0.333356643722512,1
"rno-miR-194-5p",-0.13794413452537,6.03110425531092,0.315761488879231,0.585521759097273,1
"rno-miR-20b-5p",-0.141121093250327,1.15611163521704,0.0300716143459815,0.929422651126603,1
"rno-miR-1298",-0.144828302231687,9.6390889213462,0.0798180472674705,0.789076985688412,1
"rno-miR-146a-5p",-0.148652718088162,6.72959447366227,0.664579686070672,0.429880230908378,1
"rno-miR-3102",-0.150881326260511,1.94792163406053,0.11030812788166,0.852265148289583,1
"rno-miR-369-3p",-0.157438632533697,7.53179098223127,0.63620268642279,0.440724847376994,1
"rno-miR-190b-5p",-0.157783225141054,3.75829428661499,0.564073605369434,0.645908392577334,1
"rno-miR-34c-3p",-0.174630705412561,3.4494964228316,0.366836837310964,0.653662618440644,1
"rno-miR-29b-5p",-0.179369572030974,4.68930967537173,1.04465930070856,0.455655554596116,1
"rno-miR-219b",-0.179862146323839,10.6383659066433,0.728086302199965,0.418103237345561,1
"rno-miR-219a-2-3p",-0.179909289489351,10.641150305689,0.727802230862349,0.418190289050702,1
"rno-miR-193a-3p",-0.180140665641634,1.18777894119811,0.0471360046622202,0.907004113892367,1
"rno-let-7f-2-3p",-0.189462056452142,1.91642248677051,0.202139625581118,0.818762878721408,1
"rno-miR-377-3p",-0.19005077417971,2.73561873514241,0.473191092285267,0.720891485128829,1
"rno-miR-31b",-0.193002998089129,2.7708050147857,0.455799607846505,0.712261191205119,1
"rno-miR-33-5p",-0.195255475825592,2.5950352250088,0.356200967666,0.731462876079077,1
"rno-miR-451-5p",-0.195793855901389,6.74090955334631,0.0972100074069846,0.768020013091082,1
"rno-miR-17-5p",-0.197210868175824,5.07047540768018,1.2093882894362,0.34523908662266,1
"rno-miR-210-3p",-0.197490712570427,4.16415683076182,1.08259781004757,0.500582634543018,1
"rno-miR-876",-0.198679874196507,1.57587808578268,0.117024276689157,0.850755762729365,1
"rno-miR-3574",-0.201666886012766,4.16241596301501,1.12407487543941,0.491878757330575,1
"rno-miR-7a-1-3p",-0.204273501935465,4.91994451574177,1.39773275234784,0.35497407654288,1
"rno-miR-1843a-3p",-0.212845504312083,5.31061863333961,1.37940071217752,0.266335324185587,1
"rno-miR-551b-3p",-0.213989357329634,4.72352859777418,1.54145912401529,0.367534875533138,1
"novel_249",-0.221779062288852,1.81884248024244,0.199218412307941,0.801487357691354,1
"rno-miR-10a-5p",-0.224254381835019,5.10759117221129,0.304417228589872,0.598038463447122,1
"rno-miR-93-3p",-0.232276077483351,1.70153081835411,0.250799082680227,0.808515759507654,1
"rno-miR-31a-5p",-0.239928354059761,4.38169877920694,1.17998457921797,0.374200414326537,1
"rno-miR-6329",-0.246609737129341,3.53920710372578,1.03452151682099,0.511325935550372,1
"rno-miR-30c-1-3p",-0.253229762565338,4.435497442746,1.94306555800635,0.338629626375278,1
"rno-miR-350",-0.257795584079821,4.1282863371179,1.27669247129292,0.386207489397233,1
"rno-miR-137-5p",-0.267094727031286,2.44186218570979,0.615320713356536,0.663894203564548,1
"rno-miR-3085",-0.275867663616386,2.22396460602931,0.555142672139506,0.689280603768265,1
"rno-miR-99a-3p",-0.286092952785943,3.62723439488622,1.6156178655103,0.430030118721013,1
"rno-miR-463-3p",-0.293657232235124,1.1207874428516,0.132208134720129,0.858258466046139,1
"rno-miR-3585-3p",-0.294949256580421,1.11609190908883,0.107178207664131,0.858081658954781,1
"rno-miR-34b-3p",-0.299449653628157,3.77795403002984,1.01116302594902,0.380411721945331,1
"rno-miR-181b-1-3p",-0.303096124389688,3.35626180123324,1.3925212911864,0.454563868877111,1
"rno-miR-6315",-0.307989516822478,2.34532429600925,0.416020646967982,0.633859014171212,1
"rno-miR-3583-5p",-0.309275839220136,1.11716196924036,0.14341417647439,0.85117796521304,1
"rno-miR-702-3p",-0.310871709577723,3.0504117064769,1.27038244751001,0.501052492039534,1
"rno-miR-490-5p",-0.32120378539266,3.05601233981107,1.58158844367343,0.485943193221,1
"rno-miR-34c-5p",-0.331449993436034,10.4098192191687,0.814561940310399,0.406463070713841,1
"rno-miR-20a-3p",-0.343295520146704,1.05311555564316,0.188048257656321,0.83081520883055,1
"rno-miR-331-5p",-0.349977525139826,1.14652956524722,0.178404906518372,0.827966931031195,1
"rno-miR-29a-5p",-0.366521168453031,3.67346866586248,2.13470370790197,0.303768050474556,1
"rno-miR-326-5p",-0.368263767630123,1.08720229914688,0.222513217929423,0.825025637265121,1
"novel_467",-0.3712727819261,1.28118835430277,0.159167553520197,0.79025412318677,1
"rno-miR-363-3p",-0.372870125686084,1.972267508532,0.72464328563942,0.641405417216646,1
"rno-miR-3585-5p",-0.378301841872146,1.08153157141703,0.240563120434555,0.820143187284431,1
"rno-miR-500-3p",-0.380082384028445,2.65291719206003,1.72234314716762,0.493441879786137,1
"rno-miR-26b-3p",-0.404651987729464,1.61290703889029,0.766879263632913,0.6940018492686,1
"rno-miR-204-3p",-0.405639234857245,2.45791659568732,1.34229451286188,0.506973881108353,1
"rno-miR-351-3p",-0.40918706066836,1.05018913856425,0.321010336506073,0.796937278812686,1
"rno-miR-449a-5p",-0.41820767827016,2.74271823949288,1.78751766153066,0.43210396889076,1
"rno-miR-3580-5p",-0.421202063673963,1.04951741149101,0.297263302417589,0.790577138761722,1
"rno-miR-205",-0.430564343860819,2.57889660765387,1.89024114105072,0.454698747606441,1
"rno-miR-206-3p",-0.449980166582421,3.89017971397757,1.11755358482625,0.321054211095807,1
"rno-miR-3580-3p",-0.451532612718738,1.05116797421417,0.389547505529577,0.776783771416575,1
"rno-miR-101a-5p",-0.456449639726863,1.64207060874831,0.878117878432613,0.650228928028176,1
"rno-miR-335",-0.471639311046119,1.81670171394894,1.11980654682424,0.595200842193757,1
"rno-miR-218a-1-3p",-0.471817355321095,1.34522609280711,0.418141283404194,0.718369787567032,1
"rno-miR-19a-5p",-0.477565594314832,1.01757230313686,0.910120749081889,0.651499788343554,1
"rno-miR-295-3p",-0.477565594314832,1.01757230313686,0.910120749081889,0.651499788343554,1
"rno-miR-3569",-0.477565594314832,1.01757230313686,0.910120749081889,0.651499788343554,1
"rno-miR-6215",-0.477565594314832,1.01757230313686,0.910120749081889,0.651499788343554,1
"rno-miR-881-5p",-0.477565594314832,1.01757230313686,0.910120749081889,0.651499788343554,1
"novel_290",-0.480087065153447,1.01768077297079,0.91498319211162,0.650491623444184,1
"rno-miR-291a-3p",-0.480087065153447,1.01768077297079,0.91498319211162,0.650491623444184,1
"rno-miR-653-5p",-0.485282152898913,1.83281295469544,0.650021468302603,0.580627108585577,1
"rno-miR-293-5p",-0.505753939973656,1.19516137819101,0.423617259843494,0.742011855357267,1
"rno-miR-155-3p",-0.513870856825323,1.01915144665667,0.980196288115798,0.637169163206779,1
"rno-miR-202-3p",-0.513870856825323,1.01915144665667,0.980196288115798,0.637169163206779,1
"rno-miR-301b-3p",-0.513870856825323,1.01915144665667,0.980196288115798,0.637169163206779,1
"rno-miR-34a-3p",-0.513870856825323,1.01915144665667,0.980196288115798,0.637169163206779,1
"rno-miR-3573-3p",-0.513870856825323,1.01915144665667,0.980196288115798,0.637169163206779,1
"rno-miR-449a-3p",-0.513870856825323,1.01915144665667,0.980196288115798,0.637169163206779,1
"rno-miR-6317",-0.513870856825323,1.01915144665667,0.980196288115798,0.637169163206779,1
"rno-miR-362-5p",-0.519852901342778,2.51982103456559,2.65116104230719,0.381810978680501,1
"novel_484",-0.525360257683445,2.53124601825717,1.16394207609071,0.374159837517121,1
"rno-miR-92a-1-5p",-0.526990521150895,1.26352349859358,0.597346091854855,0.711936804488897,1
"rno-miR-31a-3p",-0.531188352893447,2.08705511133792,2.11136248146536,0.478889621851119,1
"rno-miR-33-3p",-0.537581995824539,2.44061477873503,2.95717515071652,0.38508875041982,1
"rno-miR-466b-2-3p",-0.556310091496418,1.31185490063946,0.773456387273414,0.681784903097123,1
"rno-miR-19a-3p",-0.56301996449339,1.21639041856275,0.465878260277048,0.708028371917533,1
"rno-miR-32-3p",-0.56444228061952,1.48961441175641,0.623821492988693,0.62185017389421,1
"rno-miR-363-5p",-0.569926356230963,1.1028115090768,0.616427434730001,0.731775101638502,1
"rno-miR-488-5p",-0.62141557567413,2.39234354233597,3.733560006049,0.328730990279962,1
"rno-miR-16-3p",-0.629865399500025,1.21144415195605,0.860299968664381,0.677355769851095,1
"novel_486",-0.650362809825453,1.31309164241134,0.62508973976472,0.632162624291831,1
"rno-miR-466b-5p",-0.650982798904884,1.07148025201961,0.809688147784579,0.692824268022482,1
"rno-miR-743a-3p",-0.666254564261483,1.35189826948828,1.38746403136653,0.610095224896388,1
"rno-miR-551b-5p",-0.669195035079124,1.42222989335923,0.988182235444817,0.58351149056746,1
"rno-miR-190a-3p",-0.683391221888364,1.53060677437492,1.08392191312024,0.537736818996127,1
"rno-miR-144-5p",-0.702811138355761,2.23310956853878,2.18482482892462,0.311730022672531,1
"rno-miR-496-5p",-0.754187073154838,1.06955731610404,0.951550055554928,0.645491186280776,1
"rno-miR-463-5p",-0.776510641578147,1.14942856877631,0.898407448566906,0.631094920501874,1
"rno-miR-10a-3p",-0.832047405561363,1.12295990087602,0.966929769003454,0.614301966345042,1
"novel_365",-0.835749741437453,1.03493888558767,1.59979428977769,0.522971171986317,1
"rno-miR-181d-3p",-0.835749741437453,1.03493888558767,1.59979428977769,0.522971171986317,1
"rno-miR-1956-5p",-0.835749741437453,1.03493888558767,1.59979428977769,0.522971171986317,1
"rno-miR-320-5p",-0.835749741437453,1.03493888558767,1.59979428977769,0.522971171986317,1
"rno-miR-344g",-0.835749741437453,1.03493888558767,1.59979428977769,0.522971171986317,1
"rno-miR-3562",-0.835749741437453,1.03493888558767,1.59979428977769,0.522971171986317,1
"rno-miR-211-3p",-0.837717234427247,1.03504605787467,1.88365112460957,0.522326927697705,1
"rno-miR-465-5p",-0.839682047878979,1.03515322220436,1.6072952936991,0.52168408646647,1
"rno-miR-301a-3p",-0.863223788087326,1.89527208219728,3.32493063765346,0.312654808206368,1
"rno-miR-130b-3p",-0.86415112582638,1.03649914518341,1.95317773605528,0.513721751298017,1
"rno-miR-871-5p",-0.866080290482228,1.03660620166239,1.95836674791918,0.513097361035975,1
"rno-miR-878",-0.892004168419795,1.03805771934926,1.70704302052934,0.504753437578842,1
"rno-miR-376c-5p",-0.90103169290236,1.21020970014835,1.31470168319695,0.555398333013734,1
"rno-miR-21-3p",-0.913661214560772,1.16190799684952,1.53763755267168,0.568999777622555,1
"rno-let-7g-3p",-0.936789557066764,1.78886576225402,3.68932122979323,0.309190268381699,1
"rno-miR-598-5p",-0.973631138352525,1.08696764496963,1.75623108503736,0.557083310645306,1
"rno-miR-383-3p",-0.97728033576957,1.13650199336776,1.78002782531965,0.55137396790422,1
"rno-miR-6324",-0.991284019515521,1.67696197057815,2.61298051357273,0.322019287921534,1
"novel_466",-0.993795350769867,1.46688463806386,3.36341157116899,0.402790848246004,1
"rno-miR-3064-3p",-1.02839617371728,1.18547125170412,1.88777286444915,0.513499065637778,1
"rno-miR-196a-5p",-1.030207855171,1.13204783670073,1.30156231893901,0.531639912096834,1
"rno-miR-17-2-3p",-1.04372674337658,1.13499712370287,1.65230121060626,0.525589595595989,1
"novel_275",-1.06076774956744,1.3308800370006,1.79231625844593,0.434061882763729,1
"novel_518",-1.11906051563776,1.15096342505084,2.26061960070122,0.491875660135215,1
"rno-miR-292-3p",-1.12568273129955,1.05231070683756,2.62569962814238,0.433069308143966,1
"novel_291",-1.14736932663716,1.05374651809176,3.22108874730133,0.426710211967612,1
"rno-miR-451-3p",-1.14736932663716,1.05374651809176,3.22108874730133,0.426710211967612,1
"rno-miR-3572",-1.16352755527155,1.14895542395113,2.22922286601623,0.476006175986925,1
"rno-miR-500-5p",-1.16873475091833,1.05518090189893,2.7326994718383,0.420490687424433,1
"rno-miR-652-5p",-1.17328253712157,1.60807563937584,5.43212779810657,0.271079194170695,1
"rno-miR-26a-3p",-1.17565306641649,1.10372770810761,2.08267853762805,0.479558528626696,1
"rno-miR-194-3p",-1.25935180630523,1.25791390190755,3.76255622477228,0.393465117015214,1
"rno-miR-98-3p",-1.29167542440669,1.25951689213654,3.22506130179978,0.381428610626964,1
"rno-miR-760-5p",-1.29886966375505,1.31638903999105,4.11651451105414,0.351201618993684,1
"rno-miR-544-5p",-1.36460674177328,1.12146319556004,3.28783306051802,0.411186866231596,1
"rno-miR-292-5p",-1.40216131211141,1.07220768386738,4.15640357343746,0.355359796339181,1
"rno-miR-501-5p",-1.40216131211141,1.07220768386738,4.15640357343746,0.355359796339181,1
"rno-miR-146a-3p",-1.43659928908532,1.18070310920347,3.24061808454037,0.37060975319953,1
"rno-miR-103-2-5p",-1.58841483250513,1.0877380887214,3.7417555547475,0.306987861766893,1
"rno-miR-6321",-5.89770112931298,2.50149421862388,1.44922234578539,0.337863288522516,1
